type	era	bin	xsec_pb	unc_pb	nevents	generator	order	dataset
ht	2016APV	70to100	140.0	0.2347	300569	madgraphMLM	LO	/DYJetsToLL_M-50_HT-70to100_TuneCP5_PSweights_13TeV-madgraphMLM-pythia8/RunIISummer20UL16NanoAODAPVv15-150X_mcRun2_asymptotic_preVFP_v1-v1/NANOAODSIM
ht	2016APV	100to200	140.1	0.3511	139917	madgraphMLM	LO	/DYJetsToLL_M-50_HT-100to200_TuneCP5_PSweights_13TeV-madgraphMLM-pythia8/RunIISummer20UL16NanoAODAPVv15-150X_mcRun2_asymptotic_preVFP_v1-v1/NANOAODSIM
ht	2016APV	200to400	38.28	0.0663	300046	madgraphMLM	LO	/DYJetsToLL_M-50_HT-200to400_TuneCP5_PSweights_13TeV-madgraphMLM-pythia8/RunIISummer20UL16NanoAODAPVv15-150X_mcRun2_asymptotic_preVFP_v1-v1/NANOAODSIM
ht	2016APV	400to600	5.203	0.009052	300416	madgraphMLM	LO	/DYJetsToLL_M-50_HT-400to600_TuneCP5_PSweights_13TeV-madgraphMLM-pythia8/RunIISummer20UL16NanoAODAPVv15-150X_mcRun2_asymptotic_preVFP_v1-v1/NANOAODSIM
ht	2016APV	600to800	1.268	0.002211	300241	madgraphMLM	LO	/DYJetsToLL_M-50_HT-600to800_TuneCP5_PSweights_13TeV-madgraphMLM-pythia8/RunIISummer20UL16NanoAODAPVv15-150X_mcRun2_asymptotic_preVFP_v1-v1/NANOAODSIM
ht	2016APV	800to1200	0.5686	0.0009924	300302	madgraphMLM	LO	/DYJetsToLL_M-50_HT-800to1200_TuneCP5_PSweights_13TeV-madgraphMLM-pythia8/RunIISummer20UL16NanoAODAPVv15-150X_mcRun2_asymptotic_preVFP_v1-v1/NANOAODSIM
ht	2016APV	1200to2500	0.1332	0.0002716	220656	madgraphMLM	LO	/DYJetsToLL_M-50_HT-1200to2500_TuneCP5_PSweights_13TeV-madgraphMLM-pythia8/RunIISummer20UL16NanoAODAPVv15-150X_mcRun2_asymptotic_preVFP_v1-v1/NANOAODSIM
ht	2016APV	2500toInf	0.002987	5.345e-06	285591	madgraphMLM	LO	/DYJetsToLL_M-50_HT-2500toInf_TuneCP5_PSweights_13TeV-madgraphMLM-pythia8/RunIISummer20UL16NanoAODAPVv15-150X_mcRun2_asymptotic_preVFP_v1-v1/NANOAODSIM
ht	2016	70to100	139.9	0.2342	300536	madgraphMLM	LO	/DYJetsToLL_M-50_HT-70to100_TuneCP5_PSweights_13TeV-madgraphMLM-pythia8/RunIISummer20UL16NanoAODv15-150X_mcRun2_asymptotic_v1-v1/NANOAODSIM
ht	2016	100to200	140.1	0.2396	300427	madgraphMLM	LO	/DYJetsToLL_M-50_HT-100to200_TuneCP5_PSweights_13TeV-madgraphMLM-pythia8/RunIISummer20UL16NanoAODv15-150X_mcRun2_asymptotic_v1-v1/NANOAODSIM
ht	2016	200to400	38.47	0.06901	279540	madgraphMLM	LO	/DYJetsToLL_M-50_HT-200to400_TuneCP5_PSweights_13TeV-madgraphMLM-pythia8/RunIISummer20UL16NanoAODv15-150X_mcRun2_asymptotic_v1-v1/NANOAODSIM
ht	2016	400to600	5.2	0.009047	300471	madgraphMLM	LO	/DYJetsToLL_M-50_HT-400to600_TuneCP5_PSweights_13TeV-madgraphMLM-pythia8/RunIISummer20UL16NanoAODv15-150X_mcRun2_asymptotic_v1-v1/NANOAODSIM
ht	2016	600to800	1.265	0.002206	300219	madgraphMLM	LO	/DYJetsToLL_M-50_HT-600to800_TuneCP5_PSweights_13TeV-madgraphMLM-pythia8/RunIISummer20UL16NanoAODv15-150X_mcRun2_asymptotic_v1-v1/NANOAODSIM
ht	2016	800to1200	0.5696	0.0009941	300462	madgraphMLM	LO	/DYJetsToLL_M-50_HT-800to1200_TuneCP5_PSweights_13TeV-madgraphMLM-pythia8/RunIISummer20UL16NanoAODv15-150X_mcRun2_asymptotic_v1-v1/NANOAODSIM
ht	2016	1200to2500	0.1333	0.0002329	300291	madgraphMLM	LO	/DYJetsToLL_M-50_HT-1200to2500_TuneCP5_PSweights_13TeV-madgraphMLM-pythia8/RunIISummer20UL16NanoAODv15-150X_mcRun2_asymptotic_v1-v1/NANOAODSIM
ht	2016	2500toInf	0.002969	6.095e-06	217144	madgraphMLM	LO	/DYJetsToLL_M-50_HT-2500toInf_TuneCP5_PSweights_13TeV-madgraphMLM-pythia8/RunIISummer20UL16NanoAODv15-150X_mcRun2_asymptotic_v1-v1/NANOAODSIM
ht	2017	70to100	139.0	0.2333	300419	madgraphMLM	LO	/DYJetsToLL_M-50_HT-70to100_TuneCP5_PSweights_13TeV-madgraphMLM-pythia8/RunIISummer20UL17NanoAODv15-150X_mc2017_realistic_v1-v1/NANOAODSIM
ht	2017	100to200	139.9	0.2394	300324	madgraphMLM	LO	/DYJetsToLL_M-50_HT-100to200_TuneCP5_PSweights_13TeV-madgraphMLM-pythia8/RunIISummer20UL17NanoAODv15-150X_mc2017_realistic_v1-v1/NANOAODSIM
ht	2017	200to400	38.35	0.06639	300281	madgraphMLM	LO	/DYJetsToLL_M-50_HT-200to400_TuneCP5_PSweights_13TeV-madgraphMLM-pythia8/RunIISummer20UL17NanoAODv15-150X_mc2017_realistic_v1-v1/NANOAODSIM
ht	2017	400to600	5.211	0.009062	300705	madgraphMLM	LO	/DYJetsToLL_M-50_HT-400to600_TuneCP5_PSweights_13TeV-madgraphMLM-pythia8/RunIISummer20UL17NanoAODv15-150X_mc2017_realistic_v1-v1/NANOAODSIM
ht	2017	600to800	1.27	0.002213	300577	madgraphMLM	LO	/DYJetsToLL_M-50_HT-600to800_TuneCP5_PSweights_13TeV-madgraphMLM-pythia8/RunIISummer20UL17NanoAODv15-150X_mc2017_realistic_v1-v1/NANOAODSIM
ht	2017	800to1200	0.5685	0.00112	236056	madgraphMLM	LO	/DYJetsToLL_M-50_HT-800to1200_TuneCP5_PSweights_13TeV-madgraphMLM-pythia8/RunIISummer20UL17NanoAODv15-150X_mc2017_realistic_v1-v1/NANOAODSIM
ht	2017	1200to2500	0.133	0.0002324	300440	madgraphMLM	LO	/DYJetsToLL_M-50_HT-1200to2500_TuneCP5_PSweights_13TeV-madgraphMLM-pythia8/RunIISummer20UL17NanoAODv15-150X_mc2017_realistic_v1-v1/NANOAODSIM
ht	2017	2500toInf	0.002982	5.206e-06	300070	madgraphMLM	LO	/DYJetsToLL_M-50_HT-2500toInf_TuneCP5_PSweights_13TeV-madgraphMLM-pythia8/RunIISummer20UL17NanoAODv15-150X_mc2017_realistic_v1-v1/NANOAODSIM
ht	2018	70to100	139.7	0.2343	300816	madgraphMLM	LO	/DYJetsToLL_M-50_HT-70to100_TuneCP5_PSweights_13TeV-madgraphMLM-pythia8/RunIISummer20UL18NanoAODv15-150X_mc2018_realistic_v1-v1/NANOAODSIM
ht	2018	100to200	140.3	0.2399	300574	madgraphMLM	LO	/DYJetsToLL_M-50_HT-100to200_TuneCP5_PSweights_13TeV-madgraphMLM-pythia8/RunIISummer20UL18NanoAODv15-150X_mc2018_realistic_v1-v1/NANOAODSIM
ht	2018	200to400	38.51	0.06659	300798	madgraphMLM	LO	/DYJetsToLL_M-50_HT-200to400_TuneCP5_PSweights_13TeV-madgraphMLM-pythia8/RunIISummer20UL18NanoAODv15-150X_mc2018_realistic_v1-v1/NANOAODSIM
ht	2018	400to600	5.211	0.009064	300522	madgraphMLM	LO	/DYJetsToLL_M-50_HT-400to600_TuneCP5_PSweights_13TeV-madgraphMLM-pythia8/RunIISummer20UL18NanoAODv15-150X_mc2018_realistic_v1-v1/NANOAODSIM
ht	2018	600to800	1.268	0.00221	300495	madgraphMLM	LO	/DYJetsToLL_M-50_HT-600to800_TuneCP5_PSweights_13TeV-madgraphMLM-pythia8/RunIISummer20UL18NanoAODv15-150X_mc2018_realistic_v1-v1/NANOAODSIM
ht	2018	800to1200	0.5683	0.0009924	300046	madgraphMLM	LO	/DYJetsToLL_M-50_HT-800to1200_TuneCP5_PSweights_13TeV-madgraphMLM-pythia8/RunIISummer20UL18NanoAODv15-150X_mc2018_realistic_v1-v1/NANOAODSIM
ht	2018	1200to2500	0.1333	0.0002716	220835	madgraphMLM	LO	/DYJetsToLL_M-50_HT-1200to2500_TuneCP5_PSweights_13TeV-madgraphMLM-pythia8/RunIISummer20UL18NanoAODv15-150X_mc2018_realistic_v1-v1/NANOAODSIM
ht	2018	2500toInf	0.002987	5.799e-06	242566	madgraphMLM	LO	/DYJetsToLL_M-50_HT-2500toInf_TuneCP5_PSweights_13TeV-madgraphMLM-pythia8/RunIISummer20UL18NanoAODv15-150X_mc2018_realistic_v1-v1/NANOAODSIM
jet	2016APV	0J	5136.0	6.593	300801	amcatnloFXFX	NLO	/DYJetsToLL_0J_TuneCP5_13TeV-amcatnloFXFX-pythia8/RunIISummer20UL16NanoAODAPVv15-150X_mcRun2_asymptotic_preVFP_v1-v1/NANOAODSIM
jet	2016APV	1J	953.6	3.899	300270	amcatnloFXFX	NLO	/DYJetsToLL_1J_TuneCP5_13TeV-amcatnloFXFX-pythia8/RunIISummer20UL16NanoAODAPVv15-150X_mcRun2_asymptotic_preVFP_v1-v1/NANOAODSIM
jet	2016APV	2J	356.8	2.401	300220	amcatnloFXFX	NLO	/DYJetsToLL_2J_TuneCP5_13TeV-amcatnloFXFX-pythia8/RunIISummer20UL16NanoAODAPVv15-150X_mcRun2_asymptotic_preVFP_v1-v1/NANOAODSIM
jet	2016	0J	5133.0	6.592	300276	amcatnloFXFX	NLO	/DYJetsToLL_0J_TuneCP5_13TeV-amcatnloFXFX-pythia8/RunIISummer20UL16NanoAODv15-150X_mcRun2_asymptotic_v1-v1/NANOAODSIM
jet	2016	1J	950.9	3.895	300925	amcatnloFXFX	NLO	/DYJetsToLL_1J_TuneCP5_13TeV-amcatnloFXFX-pythia8/RunIISummer20UL16NanoAODv15-150X_mcRun2_asymptotic_v1-v1/NANOAODSIM
jet	2016	2J	360.8	2.417	300147	amcatnloFXFX	NLO	/DYJetsToLL_2J_TuneCP5_13TeV-amcatnloFXFX-pythia8/RunIISummer20UL16NanoAODv15-150X_mcRun2_asymptotic_v1-v1/NANOAODSIM
jet	2017	0J	5129.0	6.594	300411	amcatnloFXFX	NLO	/DYJetsToLL_0J_TuneCP5_13TeV-amcatnloFXFX-pythia8/RunIISummer20UL17NanoAODv15-150X_mc2017_realistic_v1-v1/NANOAODSIM
jet	2017	1J	956.3	3.898	300442	amcatnloFXFX	NLO	/DYJetsToLL_1J_TuneCP5_13TeV-amcatnloFXFX-pythia8/RunIISummer20UL17NanoAODv15-150X_mc2017_realistic_v1-v1/NANOAODSIM
jet	2017	2J	357.2	2.395	300383	amcatnloFXFX	NLO	/DYJetsToLL_2J_TuneCP5_13TeV-amcatnloFXFX-pythia8/RunIISummer20UL17NanoAODv15-150X_mc2017_realistic_v1-v1/NANOAODSIM
jet	2018	0J	5120.0	6.6	300156	amcatnloFXFX	NLO	/DYJetsToLL_0J_TuneCP5_13TeV-amcatnloFXFX-pythia8/RunIISummer20UL18NanoAODv15-150X_mc2018_realistic_v1-v1/NANOAODSIM
jet	2018	1J	957.1	3.901	300476	amcatnloFXFX	NLO	/DYJetsToLL_1J_TuneCP5_13TeV-amcatnloFXFX-pythia8/RunIISummer20UL18NanoAODv15-150X_mc2018_realistic_v1-v1/NANOAODSIM
jet	2018	2J	358.5	2.405	300624	amcatnloFXFX	NLO	/DYJetsToLL_2J_TuneCP5_13TeV-amcatnloFXFX-pythia8/RunIISummer20UL18NanoAODv15-150X_mc2018_realistic_v1-v1/NANOAODSIM
